studentId,class
1,11A
2,4Y
3,1O
4,11T
5,5R
6,11W
7,1Z
8,5W
9,5R
10,11C
11,5J
12,5I
13,4B
14,11M
15,4M
16,3S
17,8E
18,1N
19,10Y
20,5L
21,8E
22,11M
23,12R
24,12Y
25,12D
26,4Y
27,6B
28,5H
29,8Y
30,9Q
31,6W
32,2G
33,10B
34,4M
35,1J
36,1X
37,6L
38,10P
39,10W
40,4V
41,4K
42,11Q
43,5B
44,9P
45,5D
46,8P
47,11Y
48,4I
49,3X
50,8D
51,10I
52,2O
53,11J
54,5P
55,4Z
56,1J
57,3T
58,10Q
59,1A
60,10M
61,4B
62,11Y
63,12Z
64,12J
65,11I
66,2O
67,4S
68,1A
69,2H
70,11U
71,5M
72,1U
73,4Y
74,5W
75,5L
76,5Z
77,5H
78,6S
79,6I
80,9Z
81,11M
82,10B
83,6E
84,7O
85,1K
86,2Z
87,9M
88,7I
89,2T
90,8Z
91,6V
92,10B
93,6S
94,10Y
95,12L
96,5E
97,6L
98,2U
99,7P
100,10L
101,11X
102,4R
103,4M
104,11N
105,9J
106,9O
107,4O
108,10N
109,11V
110,6H
111,6O
112,3D
113,3T
114,2D
115,7G
116,12O
117,10K
118,3C
119,7W
120,4V
121,5F
122,1D
123,1L
124,12P
125,1P
126,3W
127,1P
128,10N
129,9N
130,5N
131,7X
132,12I
133,7P
134,10C
135,11V
136,8Q
137,10A
138,9U
139,10E
140,1R
141,7R
142,1Q
143,8D
144,8I
145,5S
146,6A
147,4A
148,2O
149,12S
150,6S
151,10M
152,9C
153,2N
154,2E
155,4Q
156,8T
157,12E
158,9H
159,10S
160,6R
161,9O
162,9O
163,4I
164,11S
165,4V
166,10V
167,10D
168,8M
169,5I
170,2P
171,6J
172,3W
173,9X
174,6D
175,5B
176,6B
177,11O
178,4V
179,3P
180,9D
181,9B
182,6J
183,6Z
184,10P
185,9T
186,3T
187,3D
188,6R
189,1Z
190,1A
191,10A
192,10U
193,8E
194,7T
195,12K
196,1E
197,4S
198,8M
199,5Y
200,12T
201,11W
202,4S
203,8E
204,10X
205,4L
206,9L
207,7I
208,2X
209,2N
210,2Q
211,7K
212,1S
213,3U
214,3P
215,8X
216,11T
217,3A
218,10H
219,12T
220,2T
221,8U
222,5Q
223,4X
224,11J
225,10S
226,11R
227,11F
228,10N
229,10Q
230,9P
231,7T
232,1N
233,9Q
234,10N
235,2O
236,9K
237,1Q
238,8I
239,5U
240,11S
241,6I
242,7W
243,5E
244,2Q
245,6Q
246,10Z
247,9A
248,6Z
249,10O
250,4O
251,9N
252,11D
253,9Q
254,9N
255,4U
256,9T
257,5X
258,11L
259,12G
260,11Y
261,8L
262,9T
263,6I
264,11N
265,3Z
266,11G
267,11J
268,10U
269,3U
270,7S
271,5P
272,9N
273,10D
274,7N
275,8N
276,7J
277,7I
278,10A
279,2R
280,3X
281,12U
282,3B
283,6Z
284,4F
285,10R
286,10O
287,6Q
288,8E
289,2O
290,1Y
291,9X
292,5C
293,6F
294,7A
295,3L
296,4K
297,12T
298,6M
299,7R
300,7E
301,10W
302,3D
303,12L
304,7Y
305,4W
306,5C
307,3R
308,10E
309,2P
310,11G
311,9X
312,11I
313,6T
314,1K
315,1H
316,1N
317,9L
318,7B
319,11E
320,7E
321,7Q
322,3N
323,7A
324,12W
325,2T
326,2M
327,5N
328,1O
329,8R
330,10E
331,3R
332,6M
333,7H
334,6D
335,8D
336,11P
337,7A
338,10D
339,10E
340,4Y
341,2M
342,10W
343,7L
344,1I
345,7E
346,3F
347,11K
348,6W
349,8I
350,2O
351,1F
352,8H
353,2X
354,10C
355,3C
356,6Z
357,10V
358,2J
359,2L
360,5K
361,3F
362,3T
363,10R
364,6A
365,11F
366,5H
367,4I
368,3A
369,1D
370,7O
371,1U
372,1N
373,7F
374,4P
375,11D
376,10K
377,2T
378,7K
379,2E
380,2D
381,2B
382,7F
383,7F
384,6S
385,4A
386,4Y
387,9R
388,6J
389,6G
390,6W
391,2P
392,3Q
393,9L
394,1H
395,7K
396,10K
397,11L
398,2T
399,6Y
400,12X
401,3S
402,7H
403,4E
404,7M
405,9D
406,2D
407,9Q
408,10A
409,11L
410,2Z
411,4A
412,12L
413,1R
414,2I
415,1S
416,7I
417,7C
418,1U
419,11D
420,11Z
421,7F
422,2I
423,4J
424,6F
425,5U
426,7S
427,9A
428,3C
429,7Z
430,10L
431,6L
432,3D
433,10U
434,7Y
435,7K
436,2O
437,1S
438,5R
439,7J
440,12Y
441,7K
442,1I
443,10T
444,4W
445,8Z
446,9L
447,10P
448,5H
449,5G
450,7Z
451,1K
452,10H
453,9V
454,11A
455,3Y
456,6J
457,11N
458,4X
459,8U
460,3J
461,12U
462,8S
463,9R
464,6T
465,8J
466,5U
467,5R
468,9N
469,1N
470,10J
471,8C
472,8J
473,4T
474,9X
475,6C
476,12R
477,9C
478,7B
479,1B
480,10H
481,12E
482,12D
483,3D
484,9M
485,1Z
486,7M
487,6Z
488,1T
489,9Y
490,5S
491,12K
492,6N
493,4U
494,5A
495,8K
496,6S
497,4C
498,3U
499,6W
500,12W
501,5R
502,1W
503,12B
504,8T
505,1G
506,4C
507,7L
508,4G
509,12G
510,1B
511,2L
512,1X
513,11O
514,7J
515,4M
516,12K
517,9P
518,5C
519,3I
520,5G
521,5J
522,7B
523,12S
524,2Q
525,5B
526,7U
527,3G
528,4X
529,8J
530,7V
531,3L
532,5R
533,6R
534,9H
535,11U
536,4P
537,2Z
538,11I
539,11O
540,9E
541,8H
542,7O
543,9X
544,11A
545,6X
546,7X
547,5Q
548,12V
549,2G
550,9T
551,6R
552,9K
553,7I
554,5L
555,5P
556,2O
557,10M
558,8F
559,5E
560,11P
561,10R
562,3W
563,3N
564,9E
565,6D
566,11Q
567,3S
568,8D
569,12A
570,1Z
571,6Q
572,4Q
573,3A
574,5H
575,1V
576,3W
577,2X
578,1G
579,2I
580,1O
581,12Z
582,12G
583,1Z
584,10R
585,12J
586,7B
587,3U
588,7M
589,10A
590,12Q
591,1U
592,7I
593,10V
594,9G
595,6J
596,6C
597,9K
598,5K
599,6U
600,11E
601,10N
602,6R
603,10O
604,11G
605,3F
606,2U
607,12N
608,9X
609,12D
610,2J
611,6U
612,9P
613,1P
614,10G
615,9X
616,12U
617,4G
618,6T
619,4D
620,6F
621,9C
622,8Z
623,7I
624,4Z
625,3U
626,3G
627,7H
628,9O
629,3O
630,1S
631,8U
632,12Q
633,9R
634,2L
635,6U
636,4R
637,11B
638,10Z
639,1O
640,2V
641,4U
642,12F
643,12E
644,2Q
645,12O
646,1X
647,11V
648,3Z
649,2T
650,3Q
651,10S
652,8K
653,2A
654,7N
655,12E
656,2L
657,3F
658,3V
659,4Z
660,6B
661,6G
662,8J
663,6Z
664,7N
665,11S
666,9I
667,10S
668,12S
669,7C
670,10H
671,12U
672,11L
673,9B
674,3T
675,7C
676,9A
677,3N
678,5N
679,1T
680,3Z
681,3P
682,11K
683,12K
684,2X
685,8I
686,7X
687,9B
688,8O
689,7S
690,11W
691,12G
692,10C
693,5Q
694,11S
695,9K
696,7B
697,6K
698,12D
699,4J
700,6A
701,2X
702,5U
703,1X
704,1L
705,3Z
706,9G
707,4T
708,1T
709,1O
710,9I
711,8D
712,7C
713,4A
714,4D
715,7D
716,5N
717,9M
718,1B
719,12Z
720,10U
721,4B
722,6H
723,9G
724,4Z
725,6A
726,1S
727,10X
728,5Q
729,12D
730,11Z
731,2J
732,5T
733,2D
734,7T
735,6I
736,1W
737,12N
738,10W
739,3I
740,9W
741,11X
742,9N
743,8P
744,9B
745,9T
746,6L
747,5H
748,2V
749,12S
750,3F
751,12M
752,1A
753,11K
754,1Z
755,2J
756,9K
757,8P
758,9L
759,6R
760,4T
761,3W
762,2H
763,7N
764,4D
765,7P
766,5O
767,5V
768,12S
769,9I
770,4E
771,9E
772,3E
773,9S
774,11P
775,11Y
776,2T
777,10M
778,11K
779,10V
780,7L
781,4X
782,1F
783,9L
784,8B
785,11Q
786,11N
787,2W
788,6L
789,2Y
790,3A
791,8W
792,2O
793,2H
794,9B
795,12X
796,4U
797,8Q
798,7Y
799,3S
800,11Y
801,9N
802,8C
803,1G
804,7Q
805,10Q
806,5L
807,5F
808,3T
809,6O
810,11Y
811,10U
812,12X
813,9Q
814,8A
815,10Z
816,6Z
817,5G
818,10L
819,9M
820,3W
821,9R
822,4C
823,1V
824,6K
825,3T
826,12L
827,5K
828,8F
829,8X
830,5X
831,9J
832,2C
833,8C
834,10O
835,3Q
836,3A
837,10J
838,3W
839,12C
840,9Z
841,10H
842,1A
843,9X
844,3J
845,11S
846,6J
847,11G
848,12B
849,4Y
850,1Y
851,8Q
852,4X
853,5S
854,12C
855,12P
856,8U
857,2W
858,7T
859,8Z
860,12W
861,12O
862,2X
863,4O
864,2T
865,4D
866,4O
867,4Z
868,9J
869,4A
870,7W
871,6N
872,7N
873,6B
874,11J
875,4E
876,1K
877,6C
878,7K
879,11E
880,12I
881,4T
882,6R
883,3E
884,3S
885,4Q
886,10K
887,1B
888,5R
889,12P
890,12L
891,9F
892,2V
893,7W
894,11M
895,9G
896,6X
897,8K
898,2Z
899,5T
900,4M
901,1X
902,1G
903,8C
904,3F
905,7U
906,7U
907,9T
908,11E
909,3P
910,11K
911,1Y
912,12O
913,8F
914,8N
915,10T
916,11T
917,6D
918,1B
919,11P
920,12T
921,6R
922,12D
923,8L
924,2A
925,10V
926,11S
927,1P
928,2P
929,10S
930,5J
931,3M
932,2P
933,2N
934,4K
935,3R
936,9K
937,2B
938,10D
939,1L
940,4I
941,9U
942,12L
943,8I
944,7J
945,9Q
946,1Z
947,1J
948,11G
949,6S
950,11X
951,10X
952,9M
953,9K
954,4Y
955,6Z
956,2Z
957,12N
958,5K
959,4L
960,1M
961,11C
962,1O
963,6D
964,10B
965,11C
966,7X
967,7V
968,9V
969,5W
970,6T
971,3H
972,1Q
973,2P
974,3E
975,3F
976,2S
977,7F
978,2G
979,12Z
980,2Y
981,2D
982,7Z
983,8F
984,9O
985,12H
986,7I
987,5X
988,10J
989,10E
990,2D
991,8H
992,12J
993,6H
994,3V
995,2G
996,8R
997,10V
998,12C
999,1H
1000,4O
1001,2L
1002,2C
1003,6S
1004,6Q
1005,8U
1006,5T
1007,10H
1008,10R
1009,8J
1010,8E
1011,8J
1012,8I
1013,9P
1014,8D
1015,10H
1016,4U
1017,12B
1018,9M
1019,12X
1020,9L
1021,12W
1022,2K
1023,3V
1024,9Y
1025,6Q
1026,7L
1027,8H
1028,5L
1029,8Q
1030,2P
1031,11H
1032,1J
1033,2C
1034,11L
1035,12J
1036,2F
1037,5G
1038,12D
1039,7C
1040,11P
1041,6S
1042,2Z
1043,2W
1044,10P
1045,2B
1046,3G
1047,6W
1048,11C
1049,5P
1050,3N
1051,9G
1052,10T
1053,3G
1054,11B
1055,2J
1056,4K
1057,7Q
1058,8L
1059,8I
1060,2E
1061,5C
1062,2Q
1063,8A
1064,11Y
1065,2B
1066,2C
1067,5P
1068,2W
1069,11Q
1070,9Y
1071,5V
1072,5P
1073,4Y
1074,5T
1075,1H
1076,5L
1077,2H
1078,1N
1079,8Y
1080,6E
1081,1F
1082,1I
1083,10E
1084,5C
1085,1K
1086,4K
1087,3U
1088,3F
1089,2C
1090,9K
1091,12S
1092,2L
1093,9C
1094,9S
1095,5A
1096,11B
1097,3M
1098,11Y
1099,12J
1100,2Z
1101,1C
1102,2J
1103,10L
1104,3S
1105,8M
1106,3D
1107,10J
1108,4J
1109,1E
1110,4P
1111,2P
1112,6L
1113,1P
1114,6E
1115,7B
1116,11N
1117,3T
1118,2N
1119,1V
1120,9R
1121,4Y
1122,10X
1123,10Q
1124,9Q
1125,4K
1126,6V
1127,9Q
1128,3N
1129,4C
1130,5X
1131,8D
1132,1W
1133,11W
1134,3L
1135,2K
1136,6P
1137,2Z
1138,7T
1139,7P
1140,8W
1141,9W
1142,1H
1143,12B
1144,1B
1145,1H
1146,12I
1147,8W
1148,6K
1149,10M
1150,1V
1151,4Q
1152,1V
1153,12A
1154,5C
1155,9J
1156,5K
1157,4B
1158,5P
1159,8W
1160,8E
1161,6U
1162,10S
1163,6A
1164,12A
1165,10O
1166,8E
1167,8O
1168,5W
1169,6M
1170,2B
1171,3I
1172,9G
1173,4Z
1174,3L
1175,10M
1176,9Z
1177,5N
1178,10G
1179,9Y
1180,8D
1181,5X
1182,4W
1183,9O
1184,5P
1185,1F
1186,12H
1187,12N
1188,7J
1189,10P
1190,8X
1191,2A
1192,7I
1193,10X
1194,4B
1195,7D
1196,1G
1197,8Z
1198,4Y
1199,10U
1200,2K
1201,7X
1202,3E
1203,10D
1204,5A
1205,9H
1206,11D
1207,5R
1208,1W
1209,3F
1210,8U
1211,1R
1212,3S
1213,1V
1214,1Y
1215,6J
1216,12M
1217,1E
1218,4D
1219,4O
1220,6J
1221,7E
1222,10T
1223,11I
1224,6T
1225,6I
1226,3T
1227,5C
1228,9W
1229,5S
1230,1J
1231,7R
1232,9F
1233,3U
1234,10E
1235,3R
1236,10L
1237,6F
1238,4H
1239,3K
1240,3P
1241,5C
1242,6T
1243,2F
1244,12L
1245,4T
1246,11O
1247,6D
1248,3W
1249,2C
1250,5D
1251,12M
1252,10M
1253,6K
1254,10G
1255,3X
1256,4S
1257,11X
1258,5P
1259,7O
1260,1S
1261,11L
1262,5K
1263,9Z
1264,4H
1265,12H
1266,7K
1267,11L
1268,5R
1269,9Y
1270,10S
1271,5U
1272,10F
1273,10N
1274,11I
1275,4J
1276,8X
1277,12Y
1278,4N
1279,8Y
1280,2T
1281,2S
1282,7R
1283,7F
1284,7X
1285,2N
1286,7T
1287,3O
1288,7J
1289,5V
1290,1R
1291,11Y
1292,5I
1293,11K
1294,9C
1295,5I
1296,3G
1297,2N
1298,9G
1299,3I
1300,1Q
1301,8Z
1302,1P
1303,9C
1304,7A
1305,3D
1306,8P
1307,3A
1308,3E
1309,12T
1310,3Z
1311,5D
1312,10B
1313,8F
1314,9R
1315,6I
1316,4A
1317,10L
1318,8K
1319,3T
1320,4K
1321,8B
1322,5J
1323,7K
1324,3S
1325,3E
1326,9F
1327,12G
1328,4D
1329,2K
1330,10H
1331,12A
1332,12M
1333,5I
1334,12M
1335,6P
1336,7N
1337,7C
1338,5K
1339,2G
1340,11C
1341,4K
1342,2M
1343,4P
1344,6S
1345,1E
1346,1Q
1347,9W
1348,3Z
1349,2L
1350,2A
1351,6D
1352,2S
1353,2Y
1354,11Y
1355,3B
1356,9I
1357,11Z
1358,6F
1359,5A
1360,7X
1361,3H
1362,4C
1363,7J
1364,8O
1365,1F
1366,10R
1367,2U
1368,2O
1369,4K
1370,7X
1371,2Q
1372,12Y
1373,10Q
1374,6M
1375,8K
1376,6S
1377,1P
1378,9M
1379,8F
1380,6N
1381,12Q
1382,9W
1383,2J
1384,12T
1385,4N
1386,12F
1387,11C
1388,2T
1389,7D
1390,11B
1391,11B
1392,7K
1393,3F
1394,3N
1395,4A
1396,10E
1397,6I
1398,10I
1399,9B
1400,12F
1401,2H
1402,11C
1403,6X
1404,4M
1405,4O
1406,9M
1407,10M
1408,11T
1409,12W
1410,5A
1411,4M
1412,3M
1413,11O
1414,1Q
1415,3N
1416,6H
1417,11U
1418,5U
1419,10H
1420,1G
1421,1Z
1422,1K
1423,5P
1424,7B
1425,2S
1426,3N
1427,5X
1428,8C
1429,10S
1430,1J
1431,8S
1432,11N
1433,5H
1434,6P
1435,1V
1436,12I
1437,6M
1438,3R
1439,2V
1440,6M
1441,10I
1442,1F
1443,6I
1444,3K
1445,11R
1446,11W
1447,6C
1448,5S
1449,11P
1450,8R
1451,8S
1452,12K
1453,9P
1454,9T
1455,12J
1456,5D
1457,3N
1458,8T
1459,5I
1460,10L
1461,2T
1462,4G
1463,9C
1464,1D
1465,11T
1466,11N
1467,11B
1468,4M
1469,10A
1470,5F
1471,8G
1472,3X
1473,4F
1474,9A
1475,5L
1476,8O
1477,1E
1478,9Q
1479,7E
1480,9K
1481,6I
1482,3H
1483,5Z
1484,7O
1485,3H
1486,7Q
1487,10H
1488,9A
1489,4X
1490,7E
1491,9I
1492,3J
1493,8Q
1494,11S
1495,12Y
1496,6O
1497,7F
1498,6F
1499,9Q
1500,1L
1501,9E
1502,12D
1503,4X
1504,5K
1505,5Q
1506,11D
1507,4A
1508,7P
1509,2Y
1510,6E
1511,11U
1512,9D
1513,7H
1514,2W
1515,8H
1516,8Z
1517,2S
1518,2H
1519,2Z
1520,4O
1521,10Y
1522,8H
1523,4Y
1524,10Y
1525,11V
1526,2O
1527,2D
1528,11V
1529,12C
1530,4Z
1531,6K
1532,12B
1533,11O
1534,1G
1535,10Q
1536,10Y
1537,6Q
1538,3N
1539,10T
1540,10R
1541,11V
1542,7G
1543,3N
1544,1I
1545,4L
1546,2W
1547,7D
1548,8K
1549,12F
1550,12U
1551,11W
1552,6I
1553,5F
1554,8Q
1555,8M
1556,1W
1557,8V
1558,12G
1559,8W
1560,4R
1561,11H
1562,3U
1563,8T
1564,12S
1565,7L
1566,2M
1567,10K
1568,1I
1569,1S
1570,4I
1571,8E
1572,12P
1573,12V
1574,5I
1575,6C
1576,3F
1577,9V
1578,8W
1579,11N
1580,5N
1581,7A
1582,7Q
1583,9R
1584,3W
1585,1B
1586,10W
1587,5T
1588,11M
1589,11W
1590,3Y
1591,1S
1592,7Z
1593,6Z
1594,7D
1595,9J
1596,3H
1597,1K
1598,3M
1599,4D
1600,1H
1601,3F
1602,11O
1603,8V
1604,3G
1605,11Y
1606,9J
1607,3F
1608,11Q
1609,12T
1610,7C
1611,6B
1612,12Q
1613,12L
1614,8J
1615,10K
1616,2M
1617,5B
1618,4C
1619,6C
1620,3J
1621,6L
1622,5S
1623,2P
1624,6E
1625,12B
1626,10I
1627,10E
1628,6P
1629,9V
1630,1L
1631,8N
1632,6Z
1633,7Y
1634,11O
1635,10L
1636,2P
1637,4E
1638,4L
1639,11I
1640,7I
1641,1R
1642,8A
1643,8W
1644,8K
1645,7J
1646,11V
1647,3D
1648,5N
1649,7N
1650,6K
1651,3D
1652,4E
1653,10R
1654,9M
1655,2G
1656,3H
1657,2G
1658,11M
1659,8J
1660,3N
1661,4T
1662,4W
1663,6G
1664,8C
1665,8F
1666,4D
1667,7W
1668,6H
1669,11C
1670,5I
1671,10T
1672,11I
1673,5R
1674,6P
1675,4I
1676,1D
1677,12J
1678,4E
1679,11U
1680,11B
1681,10V
1682,4T
1683,7J
1684,4W
1685,2P
1686,1B
1687,8U
1688,12F
1689,2P
1690,3B
1691,10V
1692,7E
1693,5I
1694,11H
1695,9H
1696,4P
1697,11H
1698,11F
1699,12T
1700,7T
1701,8H
1702,10R
1703,10L
1704,7B
1705,4J
1706,6G
1707,3T
1708,7O
1709,5R
1710,12X
1711,11B
1712,1Z
1713,10R
1714,6X
1715,1Y
1716,12N
1717,12N
1718,12T
1719,7G
1720,6E
1721,10C
1722,8U
1723,6Q
1724,6J
1725,12T
1726,8G
1727,12H
1728,5I
1729,1L
1730,8M
1731,11S
1732,6W
1733,2V
1734,4X
1735,9V
1736,6C
1737,1I
1738,9M
1739,9A
1740,11T
1741,1Z
1742,7D
1743,11T
1744,6U
1745,1A
1746,7P
1747,7M
1748,1W
1749,1E
1750,1F
1751,9E
1752,10A
1753,10N
1754,12S
1755,11A
1756,2O
1757,7X
1758,4Z
1759,7D
1760,9M
1761,2B
1762,1H
1763,5A
1764,1P
1765,3C
1766,11G
1767,3B
1768,5P
1769,9P
1770,6Y
1771,4A
1772,5E
1773,12Y
1774,8X
1775,6V
1776,2P
1777,11N
1778,10E
1779,5E
1780,3V
1781,1M
1782,11C
1783,3Q
1784,6I
1785,5B
1786,2R
1787,7V
1788,2B
1789,3Z
1790,5F
1791,8K
1792,9Y
1793,10V
1794,1V
1795,2Q
1796,6V
1797,3J
1798,2H
1799,5Q
1800,12Q
1801,10Y
1802,7E
1803,6I
1804,4D
1805,8H
1806,2W
1807,4G
1808,3F
1809,4M
1810,6C
1811,8S
1812,6P
1813,11B
1814,2X
1815,10V
1816,9G
1817,1P
1818,9D
1819,8Q
1820,1A
1821,10C
1822,6R
1823,6N
1824,7I
1825,12O
1826,9W
1827,5A
1828,8M
1829,7L
1830,3V
1831,1J
1832,1W
1833,12M
1834,8T
1835,12W
1836,6O
1837,9C
1838,7H
1839,7Q
1840,11S
1841,1O
1842,4U
1843,2J
1844,8G
1845,10N
1846,2I
1847,10N
1848,9O
1849,1R
1850,9L
1851,4D
1852,2U
1853,8R
1854,9M
1855,9M
1856,11K
1857,8A
1858,2P
1859,10L
1860,12J
1861,11I
1862,7B
1863,9I
1864,4Y
1865,12W
1866,8D
1867,4G
1868,5C
1869,3Z
1870,11E
1871,5P
1872,12U
1873,8X
1874,9M
1875,5F
1876,2D
1877,10N
1878,10U
1879,3L
1880,10O
1881,1Y
1882,5A
1883,5M
1884,4J
1885,8M
1886,5X
1887,3R
1888,11B
1889,8C
1890,6U
1891,7L
1892,6E
1893,9O
1894,8Y
1895,8D
1896,1I
1897,8Z
1898,11F
1899,4Y
1900,6C
1901,8Z
1902,2Y
1903,1U
1904,2U
1905,7K
1906,6M
1907,1I
1908,9Q
1909,12M
1910,11I
1911,9W
1912,5A
1913,5H
1914,1X
1915,12I
1916,9W
1917,8B
1918,8O
1919,4N
1920,2C
1921,10E
1922,6S
1923,5Z
1924,3T
1925,11X
1926,12A
1927,11Q
1928,3L
1929,3Z
1930,2B
1931,3S
1932,8D
1933,11I
1934,8X
1935,7A
1936,3P
1937,9R
1938,9V
1939,7N
1940,12R
1941,10R
1942,1F
1943,11G
1944,3M
1945,9D
1946,8Y
1947,12M
1948,10D
1949,11H
1950,11E
1951,7D
1952,4X
1953,11Y
1954,3M
1955,4X
1956,6E
1957,2G
1958,12B
1959,11M
1960,5C
1961,5N
1962,2O
1963,2A
1964,5K
1965,11U
1966,8A
1967,4S
1968,1N
1969,4T
1970,3O
1971,11S
1972,4L
1973,4D
1974,2I
1975,1I
1976,7K
1977,12Z
1978,11V
1979,9U
1980,12E
1981,10V
1982,4O
1983,2U
1984,2M
1985,12H
1986,7K
1987,9O
1988,12D
1989,12H
1990,4D
1991,10R
1992,6W
1993,11W
1994,8F
1995,3J
1996,2B
1997,2S
1998,2H
1999,1R
2000,8N
